"rank","tiktok_play_count","tiktok_likes","tiktok_comments","tiktok_shares","tiktok_saves","tiktok_url","tiktok_posted_date","asin","name","name_he","category","rating","review_count","price_usd","ships_to_israel","free_shipping_type","affiliate_link","source_video_url","image_url","description_he","status","discovered_at","updated_at"
"1","5853771","74181","835","44861","14687","https://www.tiktok.com/@bk_owner/video/7601501872091860246","2026-01-31","","","","bk_owner","","","","","","","https://www.tiktok.com/@bk_owner/video/7601501872091860246","https://p16-common-sign.tiktokcdn-eu.com/tos-no1a-p-0037-no/oAa6EeFmA8Qp3VF9WADAIWe8G2lA9KBRAfEyfY~tplv-tiktokx-cropcenter-q:300:400:q70.jpeg?dr=9232&refresh_token=033ae1b3&x-expires=1779030000&x-signature=%2BCzIbhzLlxpBhulvhkk4BRqlFbs%3D&t=bacd0480&ps=933b5bde&shp=d05b14bd&shcp=132edbea&idc=useast2b&biz_tag=tt_video&s=PUBLISH&sc=cover","","discovered","2026-05-16T15:11:03.477529+00:00","2026-05-16T15:11:03.477529+00:00"
"2","207644","1850","4","148","484","https://www.tiktok.com/@bk_owner/video/7603796459724524822","2026-02-06","B0CMJ95LTR","B0CMJ95LTR","","bk_owner","0.0","0","0.0","1","paid","https://www.amazon.com/dp/B0CMJ95LTR/?tag=eskl20-20","https://www.tiktok.com/@bk_owner/video/7603796459724524822","https://p16-common-sign.tiktokcdn-eu.com/tos-no1a-p-0037-no/oYekQIk6lGAkcsAlADLgLjTAIIaAhFfDgwehYI~tplv-tiktokx-cropcenter-q:300:400:q70.jpeg?dr=9232&refresh_token=e2cd296c&x-expires=1779030000&x-signature=u54LX1sZnObaoQgBUkToWgKYGIY%3D&t=bacd0480&ps=933b5bde&shp=d05b14bd&shcp=132edbea&idc=useast2b&biz_tag=tt_video&s=PUBLISH&sc=cover","","discovered","2026-05-16T15:11:09.887178+00:00","2026-05-16T15:11:09.887178+00:00"
"3","155935","1349","7","366","278","https://www.tiktok.com/@bk_owner/video/7608606456601906454","2026-02-19","","","","bk_owner","","","","","","","https://www.tiktok.com/@bk_owner/video/7608606456601906454","https://p16-common-sign.tiktokcdn-eu.com/tos-no1a-p-0037-no/oU3MbAkDpCM0x7TFEAAztAEyEFCXflugeRIzC7~tplv-tiktokx-dmt-logoccm:300:400:tos-no1a-i-0068-no/ocXAMPACiBzCcU6ZBYwaaiMiEAgBz6haPpIAE.jpeg?dr=9231&refresh_token=e225d33f&x-expires=1779030000&x-signature=WuHdeUH70jZ07fqjt%2BXDZBq8xg0%3D&t=bacd0480&ps=933b5bde&shp=d05b14bd&shcp=132edbea&idc=useast2b&biz_tag=tt_video&s=PUBLISH&sc=cover","","discovered","2026-05-16T15:11:03.477529+00:00","2026-05-16T15:11:03.477529+00:00"
"4","109374","401","5","175","105","https://www.tiktok.com/@bk_owner/video/7602717294065683734","2026-02-03","","","","bk_owner","","","","","","","https://www.tiktok.com/@bk_owner/video/7602717294065683734","https://p16-common-sign.tiktokcdn-eu.com/tos-no1a-p-0037-no/ooCiARrxEK8CSswBMCGBfCPIOIAiAASwArj0IZ~tplv-tiktokx-cropcenter-q:300:400:q70.jpeg?dr=9232&refresh_token=f9e4671d&x-expires=1779030000&x-signature=cZZROPAirW5mXU0U6ZYYEvit8zM%3D&t=bacd0480&ps=933b5bde&shp=d05b14bd&shcp=132edbea&idc=useast2b&biz_tag=tt_video&s=PUBLISH&sc=cover","","discovered","2026-05-16T15:11:03.477529+00:00","2026-05-16T15:11:03.477529+00:00"
"5","32899","160","0","30","64","https://www.tiktok.com/@bk_owner/video/7631580699887275286","2026-04-22","","","","bk_owner","","","","","","","https://www.tiktok.com/@bk_owner/video/7631580699887275286","https://p16-common-sign.tiktokcdn-eu.com/tos-no1a-p-0037-no/o0zXC0PBSE2KIW0CA0xvDekjoBiAIiSAiAALIw~tplv-tiktokx-cropcenter-q:300:400:q70.jpeg?dr=9232&refresh_token=dc51d608&x-expires=1779030000&x-signature=ZMfQySjaj6J7yZRuYnuDGbLjSnI%3D&t=bacd0480&ps=933b5bde&shp=d05b14bd&shcp=132edbea&idc=useast2b&biz_tag=tt_video&s=PUBLISH&sc=cover","","discovered","2026-05-16T15:11:03.477529+00:00","2026-05-16T15:11:03.477529+00:00"
"6","28553","227","0","80","91","https://www.tiktok.com/@bk_owner/video/7611154182749424918","2026-02-26","B0BDF8CVBN","MCGOR 10inch Under Cabinet Lighting, 2 Pack Rechargeable Motion Sensor Light Indoor, 5 Levels Dimmable Magnetic Closet Lights, Wireless Under Counter Lights for Kitchen, Stairs","תאורת LED נטענת מתחת לארון (2 יח')","bk_owner","4.5","55430","26.99","1","paid","https://www.amazon.com/dp/B0BDF8CVBN/?tag=eskl20-20","","https://m.media-amazon.com/images/I/61x62WLGvNL._AC_SL1500_.jpg","תאורת LED חכמה מתחת לארון המטבח שמדליקה את עצמה בדיוק כשצריך — עם חיישן תנועה מובנה שמזהה כל כניסה לחדר ומכבה לאחר מספר שניות. שתי יחידות נטענות מגיעות בקופסה אחת, ללא כבלים וללא קידוח, הודות לגב מגנטי חזק שמתחבר לכל משטח מתכתי תוך שניות. עם חמישה עוצמות תאורה מתכווננות, תוכלי לבחור אור חזק ומרוכז לעבודה במטבח או אור עמום ונעים לשימוש לילי מבלי להפריע לשאר הבית. בין אם מדובר בארונות מטבח, ארונות בגדים, פרוזדורים חשוכים או אחסון במוסך — הן מתאימות לכל מקום בבית שנדרשת בו תאורה נוחה וחכמה. עם יותר מ-55,000 ביקורות מרוצות ודירוג גבוה במיוחד, מדובר ברכישה חכמה שתשנה את הדרך שבה אולת נעה בבית.","ready_for_video","2026-05-13T06:29:41.067280+00:00","2026-05-16T13:32:02.462959+00:00"
"7","26964","262","6","194","86","https://www.tiktok.com/@bk_owner/video/7600395745526664470","2026-01-28","","","","bk_owner","","","","","","","https://www.tiktok.com/@bk_owner/video/7600395745526664470","https://p16-common-sign.tiktokcdn-eu.com/tos-no1a-p-0037-no/oMIAQIeeA1DIeMIjZD9SXAL9WANGzDALA71l0F~tplv-tiktokx-cropcenter-q:300:400:q70.jpeg?dr=9232&refresh_token=b7882e44&x-expires=1779030000&x-signature=jxMfNwtogteRD%2FaXtubjw1GKeEY%3D&t=bacd0480&ps=933b5bde&shp=d05b14bd&shcp=132edbea&idc=useast2b&biz_tag=tt_video&s=PUBLISH&sc=cover","","discovered","2026-05-16T15:11:03.477529+00:00","2026-05-16T15:11:03.477529+00:00"
"8","16883","193","3","55","99","https://www.tiktok.com/@bk_owner/video/7600088333712346371","2026-01-27","","","","bk_owner","","","","","","","https://www.tiktok.com/@bk_owner/video/7600088333712346371","https://p16-common-sign.tiktokcdn-eu.com/tos-no1a-p-0037-no/oMAA4FhTAeuBD8vAjfHFPMIlAIEGLBAICSgeEt~tplv-tiktokx-dmt-logoccm:300:400:tos-no1a-i-0068-no/o8BUETiPAQSJqXX4CABAIgvyI10w8BBCAHi7fk.jpeg?dr=9231&refresh_token=3b7cc577&x-expires=1779030000&x-signature=r8ZdiWG8iyME3lQI8AwTEyKuQs8%3D&t=bacd0480&ps=933b5bde&shp=d05b14bd&shcp=132edbea&idc=useast2b&biz_tag=tt_video&s=PUBLISH&sc=cover","","discovered","2026-05-16T15:11:03.477529+00:00","2026-05-16T15:11:03.477529+00:00"
"9","15947","166","0","42","67","https://www.tiktok.com/@bk_owner/video/7601568727682813206","2026-01-31","","","","bk_owner","","","","","","","https://www.tiktok.com/@bk_owner/video/7601568727682813206","https://p16-common-sign.tiktokcdn-eu.com/tos-no1a-p-0037-no/oEIk69IAIIAFmEjMD2jYpff3AJD0LFAQFAnS0e~tplv-tiktokx-cropcenter-q:300:400:q70.jpeg?dr=9232&refresh_token=c713581f&x-expires=1779030000&x-signature=SJXmTaGWhaywPIcCMm%2Fp6ebi9TI%3D&t=bacd0480&ps=933b5bde&shp=d05b14bd&shcp=132edbea&idc=useast2b&biz_tag=tt_video&s=PUBLISH&sc=cover","","discovered","2026-05-16T15:11:03.477529+00:00","2026-05-16T15:11:03.477529+00:00"
"10","15888","183","1","48","58","https://www.tiktok.com/@bk_owner/video/7602349785974164758","2026-02-02","","","","bk_owner","","","","","","","https://www.tiktok.com/@bk_owner/video/7602349785974164758","https://p16-common-sign.tiktokcdn-eu.com/tos-no1a-p-0037-no/oEfoBjYAFACEA5gzshDqkpQNgIAjNeRtPFsEEk~tplv-tiktokx-cropcenter-q:300:400:q70.jpeg?dr=9232&refresh_token=4102e919&x-expires=1779030000&x-signature=yo5lSQTLQ2x6d3fXAtEtobL6iE8%3D&t=bacd0480&ps=933b5bde&shp=d05b14bd&shcp=132edbea&idc=useast2b&biz_tag=tt_video&s=PUBLISH&sc=cover","","discovered","2026-05-16T15:11:03.477529+00:00","2026-05-16T15:11:03.477529+00:00"
"11","15192","249","9","113","105","https://www.tiktok.com/@bk_owner/video/7580383161775869206","2025-12-05","","","","bk_owner","","","","","","","https://www.tiktok.com/@bk_owner/video/7580383161775869206","https://p16-common-sign.tiktokcdn-eu.com/tos-no1a-p-0037-no/oQmAZBiXk7BAIpwqclACikyCf1SAA0IC7NEkJz~tplv-tiktokx-dmt-logoccm:300:400:tos-no1a-i-0068-no/oYEAIkjfukeEK2ERK7MpTAF5BA0DyAgFALopyC.jpeg?dr=9231&refresh_token=bc565342&x-expires=1779030000&x-signature=j%2B6OrvZNjY%2FJmI%2Fy%2FuhtwOyNATE%3D&t=bacd0480&ps=933b5bde&shp=d05b14bd&shcp=132edbea&idc=useast2b&sc=cover&biz_tag=tt_video&s=PUBLISH","","discovered","2026-05-16T15:11:03.477529+00:00","2026-05-16T15:11:03.477529+00:00"
"12","14332","121","2","389","130","https://www.tiktok.com/@bk_owner/video/7602669479553731862","2026-02-03","","","","bk_owner","","","","","","","https://www.tiktok.com/@bk_owner/video/7602669479553731862","https://p19-common-sign.tiktokcdn-eu.com/tos-no1a-p-0037-no/o0aABrYCImBFi5LEAbCtkB1vEJGIAviY0p3mA~tplv-tiktokx-cropcenter-q:300:400:q70.jpeg?dr=9232&refresh_token=439f2889&x-expires=1779030000&x-signature=4EHOQfod%2BlFpKEy6LkcB5r54fOc%3D&t=bacd0480&ps=933b5bde&shp=d05b14bd&shcp=132edbea&idc=useast2b&biz_tag=tt_video&s=PUBLISH&sc=cover","","discovered","2026-05-16T15:11:03.477529+00:00","2026-05-16T15:11:03.477529+00:00"
"13","14295","174","3","31","74","https://www.tiktok.com/@bk_owner/video/7604138217113210134","2026-02-07","","","","bk_owner","","","","","","","https://www.tiktok.com/@bk_owner/video/7604138217113210134","https://p16-common-sign.tiktokcdn-eu.com/tos-no1a-p-0037-no/oAASAfeHDFCpFAdEpHEU1vE2hCkIUnkgxlR1NA~tplv-tiktokx-cropcenter-q:300:400:q70.jpeg?dr=9232&refresh_token=e067e9ee&x-expires=1779030000&x-signature=rDq3MHNG7fbStenuDWghV8v1cs8%3D&t=bacd0480&ps=933b5bde&shp=d05b14bd&shcp=132edbea&idc=useast2b&biz_tag=tt_video&s=PUBLISH&sc=cover","","discovered","2026-05-16T15:11:03.477529+00:00","2026-05-16T15:11:03.477529+00:00"
"14","11510","115","1","58","68","https://www.tiktok.com/@bk_owner/video/7603693675398352150","2026-02-06","","","","bk_owner","","","","","","","https://www.tiktok.com/@bk_owner/video/7603693675398352150","https://p16-common-sign.tiktokcdn-eu.com/tos-no1a-p-0037-no/oQeTMijCITGC6FAI3vL47EAxLfALIAFf3VAIXA~tplv-tiktokx-cropcenter-q:300:400:q70.jpeg?dr=9232&refresh_token=223ef74a&x-expires=1779030000&x-signature=I20XtuDJ5jnJRotgdmwKnscfc00%3D&t=bacd0480&ps=933b5bde&shp=d05b14bd&shcp=132edbea&idc=useast2b&sc=cover&biz_tag=tt_video&s=PUBLISH","","discovered","2026-05-16T15:11:03.477529+00:00","2026-05-16T15:11:03.477529+00:00"
"15","11311","84","0","22","21","https://www.tiktok.com/@bk_owner/video/7601895371039591702","2026-02-01","","","","bk_owner","","","","","","","https://www.tiktok.com/@bk_owner/video/7601895371039591702","https://p16-common-sign.tiktokcdn-eu.com/tos-no1a-p-0037-no/oADYAEpAuQWfRFkIsIGfDWW5uVAoFjAQfSI1AL~tplv-tiktokx-cropcenter-q:300:400:q70.jpeg?dr=9232&refresh_token=b503e8ae&x-expires=1779030000&x-signature=qd%2BybbnuKxDzk8wHhMAcKQjEHwI%3D&t=bacd0480&ps=933b5bde&shp=d05b14bd&shcp=132edbea&idc=useast2b&biz_tag=tt_video&s=PUBLISH&sc=cover","","discovered","2026-05-16T15:11:03.477529+00:00","2026-05-16T15:11:03.477529+00:00"
"16","9576","79","3","30","36","https://www.tiktok.com/@bk_owner/video/7617107473916431618","2026-03-14","B0C32N92RZ","B0C32N92RZ","","bk_owner","0.0","0","0.0","1","paid","https://www.amazon.com/dp/B0C32N92RZ/?tag=eskl20-20","https://www.tiktok.com/@bk_owner/video/7617107473916431618","https://p16-common-sign.tiktokcdn-eu.com/tos-no1a-p-0037-no/ogWCABefC1OpiFAzEarzRZhBgi9Ek0AgDHt9IA~tplv-tiktokx-cropcenter-q:300:400:q70.jpeg?dr=9232&refresh_token=e41036a0&x-expires=1779030000&x-signature=DIgvOZRSC7vDLhpK8W3e4rMBfsc%3D&t=bacd0480&ps=933b5bde&shp=d05b14bd&shcp=132edbea&idc=useast2b&biz_tag=tt_video&s=PUBLISH&sc=cover","","discovered","2026-05-16T15:11:27.259649+00:00","2026-05-16T15:11:27.259649+00:00"
"17","7006","83","1","10","23","https://www.tiktok.com/@bk_owner/video/7633793923034451222","2026-04-28","","","","bk_owner","","","","","","","https://www.tiktok.com/@bk_owner/video/7633793923034451222","https://p16-common-sign.tiktokcdn-eu.com/tos-no1a-p-0037-no/osq66AkDpCX38cIFEAAKfAIPEFvhf8WgZRQUHi~tplv-tiktokx-cropcenter-q:300:400:q70.jpeg?dr=9232&refresh_token=6ded044e&x-expires=1779030000&x-signature=XG%2FwsyXxe1YL2IBH%2FzQ12TIJfoQ%3D&t=bacd0480&ps=933b5bde&shp=d05b14bd&shcp=132edbea&idc=useast2b&biz_tag=tt_video&s=PUBLISH&sc=cover","","discovered","2026-05-16T15:11:03.477529+00:00","2026-05-16T15:11:03.477529+00:00"
"18","6962","150","6","81","108","https://www.tiktok.com/@bk_owner/video/7577038869820886294","2025-11-26","","","","bk_owner","","","","","","","https://www.tiktok.com/@bk_owner/video/7577038869820886294","https://p16-common-sign.tiktokcdn-eu.com/tos-no1a-p-0037-no/o00kA2sDIA4cBAtCEaAn7CARAIiLVSf80wJBZi~tplv-tiktokx-cropcenter-q:300:400:q70.jpeg?dr=9232&refresh_token=5d291e6a&x-expires=1779030000&x-signature=FBFUgMqO5WgEl6z8CMANslrwk9U%3D&t=bacd0480&ps=933b5bde&shp=d05b14bd&shcp=132edbea&idc=useast2b&s=PUBLISH&sc=cover&biz_tag=tt_video","","discovered","2026-05-16T15:11:03.477529+00:00","2026-05-16T15:11:03.477529+00:00"
"19","6844","36","1","13","10","https://www.tiktok.com/@bk_owner/video/7617857695093198102","2026-03-16","","","","bk_owner","","","","","","","https://www.tiktok.com/@bk_owner/video/7617857695093198102","https://p16-common-sign.tiktokcdn-eu.com/tos-no1a-p-0037-no/o4C6RADEuCBfEAW34fi2k0dEAWoFEEpTFIgARa~tplv-tiktokx-cropcenter-q:300:400:q70.jpeg?dr=9232&refresh_token=efa323df&x-expires=1779030000&x-signature=b8AwW8KEXowhobs4KTaFcfSqw0w%3D&t=bacd0480&ps=933b5bde&shp=d05b14bd&shcp=132edbea&idc=useast2b&biz_tag=tt_video&s=PUBLISH&sc=cover","","discovered","2026-05-16T15:11:03.477529+00:00","2026-05-16T15:11:03.477529+00:00"
"20","5424","74","1","9","23","https://www.tiktok.com/@bk_owner/video/7606386553228725526","2026-02-13","","","","bk_owner","","","","","","","https://www.tiktok.com/@bk_owner/video/7606386553228725526","https://p16-common-sign.tiktokcdn-eu.com/tos-no1a-p-0037-no/oMIeGmAWPIUgRojgWAgAf2E4XGpAfvQYAeQKMU~tplv-tiktokx-cropcenter-q:300:400:q70.jpeg?dr=9232&refresh_token=9acbe874&x-expires=1779030000&x-signature=wknuOupM1tIJaiGqMq4Kj2O7DP4%3D&t=bacd0480&ps=933b5bde&shp=d05b14bd&shcp=132edbea&idc=useast2b&biz_tag=tt_video&s=PUBLISH&sc=cover","","discovered","2026-05-16T15:11:03.477529+00:00","2026-05-16T15:11:03.477529+00:00"
"21","4511","49","1","19","34","https://www.tiktok.com/@bk_owner/video/7611910829868354838","2026-02-28","","","","bk_owner","","","","","","","https://www.tiktok.com/@bk_owner/video/7611910829868354838","https://p16-common-sign.tiktokcdn-eu.com/tos-no1a-p-0037-no/oIaX8Ax5bEcE32IAaYFipBhLBP1sCAiiB0uAw~tplv-tiktokx-cropcenter-q:300:400:q70.jpeg?dr=9232&refresh_token=d3471ccc&x-expires=1779030000&x-signature=8QcNl3UF1%2B1cHr%2BAE%2BH0%2BFRWhw0%3D&t=bacd0480&ps=933b5bde&shp=d05b14bd&shcp=132edbea&idc=useast2b&s=PUBLISH&sc=cover&biz_tag=tt_video","","discovered","2026-05-16T15:11:03.477529+00:00","2026-05-16T15:11:03.477529+00:00"
"22","4285","84","0","49","42","https://www.tiktok.com/@bk_owner/video/7601047206547803414","2026-01-30","","","","bk_owner","","","","","","","https://www.tiktok.com/@bk_owner/video/7601047206547803414","https://p16-common-sign.tiktokcdn-eu.com/tos-no1a-p-0037-no/ocAYBBA37nX4WEC6BYIEa8iABxAqgS1piLvBa~tplv-tiktokx-cropcenter-q:300:400:q70.jpeg?dr=9232&refresh_token=c8f7d6d1&x-expires=1779030000&x-signature=qeSMuJgNYv628R0gjpas8rha1WM%3D&t=bacd0480&ps=933b5bde&shp=d05b14bd&shcp=132edbea&idc=useast2b&biz_tag=tt_video&s=PUBLISH&sc=cover","","discovered","2026-05-16T15:11:03.477529+00:00","2026-05-16T15:11:03.477529+00:00"
"23","3989","127","1","27","40","https://www.tiktok.com/@bk_owner/video/7604915579975191830","2026-02-09","","","","bk_owner","","","","","","","https://www.tiktok.com/@bk_owner/video/7604915579975191830","https://p16-common-sign.tiktokcdn-eu.com/tos-no1a-p-0037-no/okgAEEhbpFAiFPouADCSCSkiFAZEkIfRmEssKe~tplv-tiktokx-dmt-logoccm:300:400:tos-no1a-i-0068-no/okEACIYya5BWoAGpnAAjBEaCFXKjQBCimQiYP.jpeg?dr=9231&refresh_token=0bb5cace&x-expires=1779030000&x-signature=UPAZi%2FiBEvttKIsk2siKU%2Fpooss%3D&t=bacd0480&ps=933b5bde&shp=d05b14bd&shcp=132edbea&idc=useast2b&sc=cover&biz_tag=tt_video&s=PUBLISH","","discovered","2026-05-16T15:11:03.477529+00:00","2026-05-16T15:11:03.477529+00:00"
"24","3943","47","1","10","28","https://www.tiktok.com/@bk_owner/video/7603826413782732054","2026-02-06","","","","bk_owner","","","","","","","https://www.tiktok.com/@bk_owner/video/7603826413782732054","https://p16-common-sign.tiktokcdn-eu.com/tos-no1a-p-0037-no/oIG9ADDAAITAFCffDIfFjcT893GPNGIrAELZAE~tplv-tiktokx-cropcenter-q:300:400:q70.jpeg?dr=9232&refresh_token=5b17aa90&x-expires=1779030000&x-signature=ewB00uhE8f%2FH2n0KWdI%2B44teqmI%3D&t=bacd0480&ps=933b5bde&shp=d05b14bd&shcp=132edbea&idc=useast2b&biz_tag=tt_video&s=PUBLISH&sc=cover","","discovered","2026-05-16T15:11:03.477529+00:00","2026-05-16T15:11:03.477529+00:00"
"25","3764","52","0","73","29","https://www.tiktok.com/@bk_owner/video/7610025871855848726","2026-02-23","","","","bk_owner","","","","","","","https://www.tiktok.com/@bk_owner/video/7610025871855848726","https://p16-common-sign.tiktokcdn-eu.com/tos-no1a-p-0037-no/oU1nDfwgEEckIWPJIApgFCtcEIRDAAY7CFDAfR~tplv-tiktokx-cropcenter-q:300:400:q70.jpeg?dr=9232&refresh_token=bb572f53&x-expires=1779030000&x-signature=TwYuQEMnYKX3OnMKHnUt%2FYUCMyc%3D&t=bacd0480&ps=933b5bde&shp=d05b14bd&shcp=132edbea&idc=useast2b&biz_tag=tt_video&s=PUBLISH&sc=cover","","discovered","2026-05-16T15:11:03.477529+00:00","2026-05-16T15:11:03.477529+00:00"
"26","3668","82","0","31","32","https://www.tiktok.com/@bk_owner/video/7600864913128557846","2026-01-29","","","","bk_owner","","","","","","","https://www.tiktok.com/@bk_owner/video/7600864913128557846","https://p16-common-sign.tiktokcdn-eu.com/tos-no1a-p-0037-no/o8JeDfhaIE2IIlsf0ASAFFj7E5j7AAkOBLpAMG~tplv-tiktokx-cropcenter-q:300:400:q70.jpeg?dr=9232&refresh_token=c6f9f6c7&x-expires=1779030000&x-signature=mGsM%2F%2ByGdwiBn8dI5ADUAVC5JTY%3D&t=bacd0480&ps=933b5bde&shp=d05b14bd&shcp=132edbea&idc=useast2b&biz_tag=tt_video&s=PUBLISH&sc=cover","","discovered","2026-05-16T15:11:03.477529+00:00","2026-05-16T15:11:03.477529+00:00"
"27","3559","68","0","27","21","https://www.tiktok.com/@bk_owner/video/7600474087013616918","2026-01-28","","","","bk_owner","","","","","","","https://www.tiktok.com/@bk_owner/video/7600474087013616918","https://p16-common-sign.tiktokcdn-eu.com/tos-no1a-p-0037-no/oYuILetI4IAkCAr4fsT76fA1GAExHFDBSE9jAF~tplv-tiktokx-cropcenter-q:300:400:q70.jpeg?dr=9232&refresh_token=6a1b3dd1&x-expires=1779030000&x-signature=fUeVM0ERDl%2B%2FE1Kb%2BDIx7bb9fnY%3D&t=bacd0480&ps=933b5bde&shp=d05b14bd&shcp=132edbea&idc=useast2b&s=PUBLISH&sc=cover&biz_tag=tt_video","","discovered","2026-05-16T15:11:03.477529+00:00","2026-05-16T15:11:03.477529+00:00"
"28","3292","58","0","23","26","https://www.tiktok.com/@bk_owner/video/7603033560743775510","2026-02-04","","","","bk_owner","","","","","","","https://www.tiktok.com/@bk_owner/video/7603033560743775510","https://p16-common-sign.tiktokcdn-eu.com/tos-no1a-p-0037-no/ogrYZxaMADL4Ciivpm8AY2sBOB2vE7E7AIBAN~tplv-tiktokx-cropcenter-q:300:400:q70.jpeg?dr=9232&refresh_token=027cface&x-expires=1779030000&x-signature=XDD%2B8kS4zFLvwr59vGYQGbN7YNM%3D&t=bacd0480&ps=933b5bde&shp=d05b14bd&shcp=132edbea&idc=useast2b&sc=cover&biz_tag=tt_video&s=PUBLISH","","discovered","2026-05-16T15:11:03.477529+00:00","2026-05-16T15:11:03.477529+00:00"
"29","3289","37","0","2","9","https://www.tiktok.com/@bk_owner/video/7600794978566114582","2026-01-29","","","","bk_owner","","","","","","","https://www.tiktok.com/@bk_owner/video/7600794978566114582","https://p16-common-sign.tiktokcdn-eu.com/tos-no1a-p-0037-no/ocaEsA7EspIRAwBBK2icB2iyAtAAVJj3YvbBX~tplv-tiktokx-cropcenter-q:300:400:q70.jpeg?dr=9232&refresh_token=4c4074a1&x-expires=1779030000&x-signature=%2FVcBjT7f5hTBTB%2BENfblmRXT8Jo%3D&t=bacd0480&ps=933b5bde&shp=d05b14bd&shcp=132edbea&idc=useast2b&biz_tag=tt_video&s=PUBLISH&sc=cover","","discovered","2026-05-16T15:11:03.477529+00:00","2026-05-16T15:11:03.477529+00:00"
"30","3286","42","0","21","22","https://www.tiktok.com/@bk_owner/video/7616766957857279234","2026-03-13","","","","bk_owner","","","","","","","https://www.tiktok.com/@bk_owner/video/7616766957857279234","https://p19-common-sign.tiktokcdn-eu.com/tos-no1a-p-0037-no/ogCpAM5tqFCAwEDAEpED4Sf9IAr6gEFiFk0qeR~tplv-tiktokx-cropcenter-q:300:400:q70.jpeg?dr=9232&refresh_token=6def550e&x-expires=1779030000&x-signature=UAj1F5lEhsIrk%2FGhr3%2B%2FatTuIbA%3D&t=bacd0480&ps=933b5bde&shp=d05b14bd&shcp=132edbea&idc=useast2b&s=PUBLISH&sc=cover&biz_tag=tt_video","","discovered","2026-05-16T15:11:03.477529+00:00","2026-05-16T15:11:03.477529+00:00"
"31","3069","58","1","30","38","https://www.tiktok.com/@bk_owner/video/7609696271284145430","2026-02-22","","","","bk_owner","","","","","","","https://www.tiktok.com/@bk_owner/video/7609696271284145430","https://p16-common-sign.tiktokcdn-eu.com/tos-no1a-p-0037-no/o8RCIFFoAvtfErmJFpAkA2k2eAIEQAlNDxJvEg~tplv-tiktokx-cropcenter-q:300:400:q70.jpeg?dr=9232&refresh_token=4c483ed6&x-expires=1779030000&x-signature=AYgeuOkW1puwzP7AKDQriyNbK%2F8%3D&t=bacd0480&ps=933b5bde&shp=d05b14bd&shcp=132edbea&idc=useast2b&biz_tag=tt_video&s=PUBLISH&sc=cover","","discovered","2026-05-16T15:11:03.477529+00:00","2026-05-16T15:11:03.477529+00:00"
"32","3042","36","0","22","19","https://www.tiktok.com/@bk_owner/video/7614896484282043670","2026-03-08","","","","bk_owner","","","","","","","https://www.tiktok.com/@bk_owner/video/7614896484282043670","https://p16-common-sign.tiktokcdn-eu.com/tos-no1a-p-0037-no/oYkDGA9AECpAI5FgpWeAQiYfruoRCVErtEF3FL~tplv-tiktokx-cropcenter-q:300:400:q70.jpeg?dr=9232&refresh_token=222804bd&x-expires=1779030000&x-signature=tj2L%2FWOJYBP9omDhS6cmd4Fgbrw%3D&t=bacd0480&ps=933b5bde&shp=d05b14bd&shcp=132edbea&idc=useast2b&biz_tag=tt_video&s=PUBLISH&sc=cover","","discovered","2026-05-16T15:11:03.477529+00:00","2026-05-16T15:11:03.477529+00:00"
"33","2981","47","0","24","21","https://www.tiktok.com/@bk_owner/video/7602602997746519318","2026-02-03","","","","bk_owner","","","","","","","https://www.tiktok.com/@bk_owner/video/7602602997746519318","https://p16-common-sign.tiktokcdn-eu.com/tos-no1a-p-0037-no/ogQyBAYIdkAcziIpCgifFCgyb3lAecE1RAB1ET~tplv-tiktokx-cropcenter-q:300:400:q70.jpeg?dr=9232&refresh_token=0474945b&x-expires=1779030000&x-signature=q5mgy%2BN%2BjHpfPYbgbG%2Bxp3tdrYU%3D&t=bacd0480&ps=933b5bde&shp=d05b14bd&shcp=132edbea&idc=useast2b&biz_tag=tt_video&s=PUBLISH&sc=cover","","discovered","2026-05-16T15:11:03.477529+00:00","2026-05-16T15:11:03.477529+00:00"
"34","2910","71","1","16","20","https://www.tiktok.com/@bk_owner/video/7630060726727773463","2026-04-18","","","","bk_owner","","","","","","","https://www.tiktok.com/@bk_owner/video/7630060726727773463","https://p16-common-sign.tiktokcdn-eu.com/tos-no1a-p-0037-no/o0Af2FvmA5NRqDgJQi1FN4AbH0EE4pfkgACGIy~tplv-tiktokx-cropcenter-q:300:400:q70.jpeg?dr=9232&refresh_token=23e6ed64&x-expires=1779030000&x-signature=5qnngmpOQbNfdBkl4AV6QnrsNtM%3D&t=bacd0480&ps=933b5bde&shp=d05b14bd&shcp=132edbea&idc=useast2b&biz_tag=tt_video&s=PUBLISH&sc=cover","","discovered","2026-05-16T15:11:03.477529+00:00","2026-05-16T15:11:03.477529+00:00"
"35","2830","58","0","13","22","https://www.tiktok.com/@bk_owner/video/7613395297582075158","2026-03-04","","","","bk_owner","","","","","","","https://www.tiktok.com/@bk_owner/video/7613395297582075158","https://p16-common-sign.tiktokcdn-eu.com/tos-no1a-p-0037-no/oI0SAotiBLER1Ap0AJAIINOiYfCvBdCSCBVBwy~tplv-tiktokx-cropcenter-q:300:400:q70.jpeg?dr=9232&refresh_token=201758d6&x-expires=1779030000&x-signature=ftN4NkrNUszcTEpXANmJRjQzDJI%3D&t=bacd0480&ps=933b5bde&shp=d05b14bd&shcp=132edbea&idc=useast2b&biz_tag=tt_video&s=PUBLISH&sc=cover","","discovered","2026-05-16T15:11:03.477529+00:00","2026-05-16T15:11:03.477529+00:00"
"36","2783","51","1","30","28","https://www.tiktok.com/@bk_owner/video/7609714055078497558","2026-02-22","","","","bk_owner","","","","","","","https://www.tiktok.com/@bk_owner/video/7609714055078497558","https://p16-common-sign.tiktokcdn-eu.com/tos-no1a-p-0037-no/o0ZZABFEdAiZCzNfCw4b4S0pICIozAgyiIMBAu~tplv-tiktokx-cropcenter-q:300:400:q70.jpeg?dr=9232&refresh_token=de0f4ae1&x-expires=1779030000&x-signature=rrKkYN5jceA%2BiW5twpppPVZw270%3D&t=bacd0480&ps=933b5bde&shp=d05b14bd&shcp=132edbea&idc=useast2b&biz_tag=tt_video&s=PUBLISH&sc=cover","","discovered","2026-05-16T15:11:03.477529+00:00","2026-05-16T15:11:03.477529+00:00"
"37","2782","66","2","13","25","https://www.tiktok.com/@bk_owner/video/7612149599897160982","2026-03-01","","","","bk_owner","","","","","","","https://www.tiktok.com/@bk_owner/video/7612149599897160982","https://p16-common-sign.tiktokcdn-eu.com/tos-no1a-p-0037-no/o0EyhAREEFAfbICjApAg3eaMkCFm4yoD8Ai8T9~tplv-tiktokx-cropcenter-q:300:400:q70.jpeg?dr=9232&refresh_token=485d9a36&x-expires=1779030000&x-signature=bJiRDpS9xlqYIGCydfhrOH8kHUo%3D&t=bacd0480&ps=933b5bde&shp=d05b14bd&shcp=132edbea&idc=useast2b&s=PUBLISH&sc=cover&biz_tag=tt_video","","discovered","2026-05-16T15:11:03.477529+00:00","2026-05-16T15:11:03.477529+00:00"
"38","2770","40","1","5","13","https://www.tiktok.com/@bk_owner/video/7611303572268911894","2026-02-26","","","","bk_owner","","","","","","","https://www.tiktok.com/@bk_owner/video/7611303572268911894","https://p16-common-sign.tiktokcdn-eu.com/tos-no1a-p-0037-no/ocZBvIa8vqOsABiyidFEmgvDYEBaBZIREOm2p~tplv-tiktokx-cropcenter-q:300:400:q70.jpeg?dr=9232&refresh_token=b45c0868&x-expires=1779030000&x-signature=eB3FL7c129AvQuNMEOMK%2BTIcPh8%3D&t=bacd0480&ps=933b5bde&shp=d05b14bd&shcp=132edbea&idc=useast2b&biz_tag=tt_video&s=PUBLISH&sc=cover","","discovered","2026-05-16T15:11:03.477529+00:00","2026-05-16T15:11:03.477529+00:00"
"39","2765","57","4","15","25","https://www.tiktok.com/@bk_owner/video/7633401761146965250","2026-04-27","","","","bk_owner","","","","","","","https://www.tiktok.com/@bk_owner/video/7633401761146965250","https://p16-common-sign.tiktokcdn-eu.com/tos-no1a-p-0037-no/o8DCKmBziAFbeSvnAIiMABTCA39EISAPw09w5i~tplv-tiktokx-cropcenter-q:300:400:q70.jpeg?dr=9232&refresh_token=fd56df5d&x-expires=1779030000&x-signature=L1iMK0YD1ZuIjbB4RKI6GFahd5A%3D&t=bacd0480&ps=933b5bde&shp=d05b14bd&shcp=132edbea&idc=useast2b&biz_tag=tt_video&s=PUBLISH&sc=cover","","discovered","2026-05-16T15:11:03.477529+00:00","2026-05-16T15:11:03.477529+00:00"
"40","2761","64","0","9","20","https://www.tiktok.com/@bk_owner/video/7628661173793295639","2026-04-14","","","","bk_owner","","","","","","","https://www.tiktok.com/@bk_owner/video/7628661173793295639","https://p16-common-sign.tiktokcdn-eu.com/tos-no1a-p-0037-no/ogpAkMescCsInAFR1FQQTpxAA3EtgSfGDKcDEi~tplv-tiktokx-cropcenter-q:300:400:q70.jpeg?dr=9232&refresh_token=b7e508a1&x-expires=1779030000&x-signature=mp4rXAfq4UKP1krjOq2jhJ489qg%3D&t=bacd0480&ps=933b5bde&shp=d05b14bd&shcp=132edbea&idc=useast2b&biz_tag=tt_video&s=PUBLISH&sc=cover","","discovered","2026-05-16T15:11:03.477529+00:00","2026-05-16T15:11:03.477529+00:00"
"41","2695","36","0","7","9","https://www.tiktok.com/@bk_owner/video/7614985183997054230","2026-03-08","","","","bk_owner","","","","","","","https://www.tiktok.com/@bk_owner/video/7614985183997054230","https://p16-common-sign.tiktokcdn-eu.com/tos-no1a-p-0037-no/oETbRdIkpIkAEAFuuCrFeFyEQpDAsVACqgfDVL~tplv-tiktokx-cropcenter-q:300:400:q70.jpeg?dr=9232&refresh_token=df4a66f3&x-expires=1779030000&x-signature=yJNGKBloFa%2BNbDou1vUh6ekBObI%3D&t=bacd0480&ps=933b5bde&shp=d05b14bd&shcp=132edbea&idc=useast2b&biz_tag=tt_video&s=PUBLISH&sc=cover","","discovered","2026-05-16T15:11:03.477529+00:00","2026-05-16T15:11:03.477529+00:00"
"42","2674","47","0","20","16","https://www.tiktok.com/@bk_owner/video/7611194122136800534","2026-02-26","","","","bk_owner","","","","","","","https://www.tiktok.com/@bk_owner/video/7611194122136800534","https://p16-common-sign.tiktokcdn-eu.com/tos-no1a-p-0037-no/okLVpA2TQAf1LIJAIPpMKjiFILBege7AIRYAQG~tplv-tiktokx-cropcenter-q:300:400:q70.jpeg?dr=9232&refresh_token=8343102e&x-expires=1779030000&x-signature=FZXm5FE3yba95IzWO4f2Bt8GLlk%3D&t=bacd0480&ps=933b5bde&shp=d05b14bd&shcp=132edbea&idc=useast2b&biz_tag=tt_video&s=PUBLISH&sc=cover","","discovered","2026-05-16T15:11:03.477529+00:00","2026-05-16T15:11:03.477529+00:00"
"43","2604","48","0","9","10","https://www.tiktok.com/@bk_owner/video/7632685789465349398","2026-04-25","","","","bk_owner","","","","","","","https://www.tiktok.com/@bk_owner/video/7632685789465349398","https://p16-common-sign.tiktokcdn-eu.com/tos-no1a-p-0037-no/owArGxw8jTQgOILeF3MyJ5XXAnS2AAeQXFfAgI~tplv-tiktokx-cropcenter-q:300:400:q70.jpeg?dr=9232&refresh_token=e1aa2c1f&x-expires=1779030000&x-signature=TdUNHirQmuUwbyb8oUHbBAp9qNk%3D&t=bacd0480&ps=933b5bde&shp=d05b14bd&shcp=132edbea&idc=useast2b&sc=cover&biz_tag=tt_video&s=PUBLISH","","discovered","2026-05-16T15:11:03.477529+00:00","2026-05-16T15:11:03.477529+00:00"
"44","2589","46","1","31","21","https://www.tiktok.com/@bk_owner/video/7610082406694997270","2026-02-23","","","","bk_owner","","","","","","","https://www.tiktok.com/@bk_owner/video/7610082406694997270","https://p16-common-sign.tiktokcdn-eu.com/tos-no1a-p-0037-no/oIA8dAEZYoBGxvAxBCcpEIMAAqvcmaiWN6Bia~tplv-tiktokx-cropcenter-q:300:400:q70.jpeg?dr=9232&refresh_token=aba697db&x-expires=1779030000&x-signature=uCEjSQN2wVvfC1tUknVEKYwBWzY%3D&t=bacd0480&ps=933b5bde&shp=d05b14bd&shcp=132edbea&idc=useast2b&biz_tag=tt_video&s=PUBLISH&sc=cover","","discovered","2026-05-16T15:11:03.477529+00:00","2026-05-16T15:11:03.477529+00:00"
"45","2549","46","0","2","11","https://www.tiktok.com/@bk_owner/video/7607827144051428610","2026-02-17","","","","bk_owner","","","","","","","https://www.tiktok.com/@bk_owner/video/7607827144051428610","https://p16-common-sign.tiktokcdn-eu.com/tos-no1a-p-0037-no/owSayqrI5Em4CbkCi0jwQcBxievAABnACIHUAj~tplv-tiktokx-cropcenter-q:300:400:q70.jpeg?dr=9232&refresh_token=e0f5665c&x-expires=1779030000&x-signature=gEb0urM5%2B2kL%2FAhHtlFZeOg%2F5xs%3D&t=bacd0480&ps=933b5bde&shp=d05b14bd&shcp=132edbea&idc=useast2b&s=PUBLISH&sc=cover&biz_tag=tt_video","","discovered","2026-05-16T15:11:03.477529+00:00","2026-05-16T15:11:03.477529+00:00"
"46","2548","44","0","11","25","https://www.tiktok.com/@bk_owner/video/7613028483135966486","2026-03-03","","","","bk_owner","","","","","","","https://www.tiktok.com/@bk_owner/video/7613028483135966486","https://p16-common-sign.tiktokcdn-eu.com/tos-no1a-p-0037-no/oc6fEFHEEICEgrpHumfjtATARA3PpDkjFA6NCq~tplv-tiktokx-cropcenter-q:300:400:q70.jpeg?dr=9232&refresh_token=58b79ba9&x-expires=1779030000&x-signature=O79l0tidraOLtEnksAW1mnW%2FtFU%3D&t=bacd0480&ps=933b5bde&shp=d05b14bd&shcp=132edbea&idc=useast2b&biz_tag=tt_video&s=PUBLISH&sc=cover","","discovered","2026-05-16T15:11:03.477529+00:00","2026-05-16T15:11:03.477529+00:00"
"47","2543","58","0","16","28","https://www.tiktok.com/@bk_owner/video/7607892571976650006","2026-02-17","","","","bk_owner","","","","","","","https://www.tiktok.com/@bk_owner/video/7607892571976650006","https://p16-common-sign.tiktokcdn-eu.com/tos-no1a-p-0037-no/ocEEQUieInjEkIlCHpoDfFcRnqAFAAKgACtpQt~tplv-tiktokx-cropcenter-q:300:400:q70.jpeg?dr=9232&refresh_token=6d789d22&x-expires=1779030000&x-signature=WyI1dJQOyxpKjOnUXn4vhDLwQc4%3D&t=bacd0480&ps=933b5bde&shp=d05b14bd&shcp=132edbea&idc=useast2b&biz_tag=tt_video&s=PUBLISH&sc=cover","","discovered","2026-05-16T15:11:03.477529+00:00","2026-05-16T15:11:03.477529+00:00"
"48","2532","55","1","18","15","https://www.tiktok.com/@bk_owner/video/7602977811883625750","2026-02-04","","","","bk_owner","","","","","","","https://www.tiktok.com/@bk_owner/video/7602977811883625750","https://p16-common-sign.tiktokcdn-eu.com/tos-no1a-p-0037-no/oMpRfgECTA5AlDkAE8QJNjgEDfAEFFATdCApzI~tplv-tiktokx-cropcenter-q:300:400:q70.jpeg?dr=9232&refresh_token=5be5b790&x-expires=1779030000&x-signature=dDoWitZ6W%2Bw1kPZ8swu9HHysXZg%3D&t=bacd0480&ps=933b5bde&shp=d05b14bd&shcp=132edbea&idc=useast2b&biz_tag=tt_video&s=PUBLISH&sc=cover","","discovered","2026-05-16T15:11:03.477529+00:00","2026-05-16T15:11:03.477529+00:00"
"49","2505","50","0","3","17","https://www.tiktok.com/@bk_owner/video/7629302612646530326","2026-04-16","","","","bk_owner","","","","","","","https://www.tiktok.com/@bk_owner/video/7629302612646530326","https://p16-common-sign.tiktokcdn-eu.com/tos-no1a-p-0037-no/osdfEiLpA1I1mrhgLAGAIOwgjUTAuFDIAXIee1~tplv-tiktokx-cropcenter-q:300:400:q70.jpeg?dr=9232&refresh_token=9dbab590&x-expires=1779030000&x-signature=Vlw0fuTh%2BSeIQ9oHOestevCqW6A%3D&t=bacd0480&ps=933b5bde&shp=d05b14bd&shcp=132edbea&idc=useast2b&sc=cover&biz_tag=tt_video&s=PUBLISH","","discovered","2026-05-16T15:11:03.477529+00:00","2026-05-16T15:11:03.477529+00:00"
"50","2459","20","1","5","11","https://www.tiktok.com/@bk_owner/video/7616111413253115158","2026-03-11","","","","bk_owner","","","","","","","https://www.tiktok.com/@bk_owner/video/7616111413253115158","https://p16-common-sign.tiktokcdn-eu.com/tos-no1a-p-0037-no/okExIAFAR3psApDpoFCNflbLQwmEaEAgkedBCZ~tplv-tiktokx-cropcenter-q:300:400:q70.jpeg?dr=9232&refresh_token=87e45047&x-expires=1779030000&x-signature=UJds8jBjGYoKlLtAt8Yu8NODTko%3D&t=bacd0480&ps=933b5bde&shp=d05b14bd&shcp=132edbea&idc=useast2b&biz_tag=tt_video&s=PUBLISH&sc=cover","","discovered","2026-05-16T15:11:03.477529+00:00","2026-05-16T15:11:03.477529+00:00"
"51","2429","43","0","18","21","https://www.tiktok.com/@bk_owner/video/7610487448585506070","2026-02-24","","","","bk_owner","","","","","","","https://www.tiktok.com/@bk_owner/video/7610487448585506070","https://p16-common-sign.tiktokcdn-eu.com/tos-no1a-p-0037-no/ocPlLAelIOQAuwjEItAVI2LIzbAfAT7fGiL8FN~tplv-tiktokx-cropcenter-q:300:400:q70.jpeg?dr=9232&refresh_token=b01fb46c&x-expires=1779030000&x-signature=U8HSM4otgNpJDtq4fyhOOORrXPg%3D&t=bacd0480&ps=933b5bde&shp=d05b14bd&shcp=132edbea&idc=useast2b&biz_tag=tt_video&s=PUBLISH&sc=cover","","discovered","2026-05-16T15:11:03.477529+00:00","2026-05-16T15:11:03.477529+00:00"
"52","2418","42","1","10","13","https://www.tiktok.com/@bk_owner/video/7627129023801347350","2026-04-10","","","","bk_owner","","","","","","","https://www.tiktok.com/@bk_owner/video/7627129023801347350","https://p19-common-sign.tiktokcdn-eu.com/tos-no1a-p-0037-no/ooBWAAp7ciDAGCIAE0iBwUfhIAESwCc9CSZgUI~tplv-tiktokx-cropcenter-q:300:400:q70.jpeg?dr=9232&refresh_token=fa727ffe&x-expires=1779030000&x-signature=LZ0b7Y7QtAq%2BwmCRIARg2rxcjHc%3D&t=bacd0480&ps=933b5bde&shp=d05b14bd&shcp=132edbea&idc=useast2b&sc=cover&biz_tag=tt_video&s=PUBLISH","","discovered","2026-05-16T15:11:03.477529+00:00","2026-05-16T15:11:03.477529+00:00"
"53","2348","45","0","28","29","https://www.tiktok.com/@bk_owner/video/7606360350174219542","2026-02-13","","","","bk_owner","","","","","","","https://www.tiktok.com/@bk_owner/video/7606360350174219542","https://p16-common-sign.tiktokcdn-eu.com/tos-no1a-p-0037-no/owACOzqcDICGfP5hA0FAkrRq0CfCpAFEEYgFEj~tplv-tiktokx-cropcenter-q:300:400:q70.jpeg?dr=9232&refresh_token=75fded41&x-expires=1779030000&x-signature=wQ%2Bg6t9mSfn5oUMbgYCXFoLg8eE%3D&t=bacd0480&ps=933b5bde&shp=d05b14bd&shcp=132edbea&idc=useast2b&biz_tag=tt_video&s=PUBLISH&sc=cover","","discovered","2026-05-16T15:11:03.477529+00:00","2026-05-16T15:11:03.477529+00:00"
"54","2316","20","0","5","13","https://www.tiktok.com/@bk_owner/video/7613467692154080534","2026-03-04","","","","bk_owner","","","","","","","https://www.tiktok.com/@bk_owner/video/7613467692154080534","https://p16-common-sign.tiktokcdn-eu.com/tos-no1a-p-0037-no/oINLeIFZIPjIFAAZ1eapQQPxTAAeJGz2UAIAAL~tplv-tiktokx-cropcenter-q:300:400:q70.jpeg?dr=9232&refresh_token=a28916c2&x-expires=1779030000&x-signature=NZ4Q7dKgx3Y07GeVJ1UaMBT79T0%3D&t=bacd0480&ps=933b5bde&shp=d05b14bd&shcp=132edbea&idc=useast2b&sc=cover&biz_tag=tt_video&s=PUBLISH","","discovered","2026-05-16T15:11:03.477529+00:00","2026-05-16T15:11:03.477529+00:00"
"55","2252","28","0","13","14","https://www.tiktok.com/@bk_owner/video/7616398401143409942","2026-03-12","","","","bk_owner","","","","","","","https://www.tiktok.com/@bk_owner/video/7616398401143409942","https://p16-common-sign.tiktokcdn-eu.com/tos-no1a-p-0037-no/ogeIGLLZMQGwv7AAH0AAewIKTLg3jfVLIA9cgF~tplv-tiktokx-cropcenter-q:300:400:q70.jpeg?dr=9232&refresh_token=9b6a44d1&x-expires=1779030000&x-signature=O%2BGyZTNg98cRBT9PNmB9NKvIZUA%3D&t=bacd0480&ps=933b5bde&shp=d05b14bd&shcp=132edbea&idc=useast2b&biz_tag=tt_video&s=PUBLISH&sc=cover","","discovered","2026-05-16T15:11:03.477529+00:00","2026-05-16T15:11:03.477529+00:00"
"56","2157","39","1","11","16","https://www.tiktok.com/@bk_owner/video/7618962202267077910","2026-03-19","","","","bk_owner","","","","","","","https://www.tiktok.com/@bk_owner/video/7618962202267077910","https://p16-common-sign.tiktokcdn-eu.com/tos-no1a-p-0037-no/o8c3GmAk7FpIRfSDWAQANdueDfGAsLIGAdQK0f~tplv-tiktokx-cropcenter-q:300:400:q70.jpeg?dr=9232&refresh_token=54dcff91&x-expires=1779030000&x-signature=4segIVrZ4NysKiJ1WOBA3CUJtJo%3D&t=bacd0480&ps=933b5bde&shp=d05b14bd&shcp=132edbea&idc=useast2b&biz_tag=tt_video&s=PUBLISH&sc=cover","","discovered","2026-05-16T15:11:03.477529+00:00","2026-05-16T15:11:03.477529+00:00"
"57","2073","30","0","10","22","https://www.tiktok.com/@bk_owner/video/7607491751594560791","2026-02-16","","","","bk_owner","","","","","","","https://www.tiktok.com/@bk_owner/video/7607491751594560791","https://p16-common-sign.tiktokcdn-eu.com/tos-no1a-p-0037-no/ogAwwySfRpE2CkFYCGDTY1FzAXdkgAfEJLPAIE~tplv-tiktokx-dmt-logoccm:300:400:tos-no1a-i-0068-no/oQEAT0GCGBZACwIJ7NIACiiC6PB8yyAPQfa5XS.jpeg?dr=9231&refresh_token=13a196d5&x-expires=1779030000&x-signature=7GARKRAF52JP6DKaI%2BL3IGVQObc%3D&t=bacd0480&ps=933b5bde&shp=d05b14bd&shcp=132edbea&idc=useast2b&sc=cover&biz_tag=tt_video&s=PUBLISH","","discovered","2026-05-16T15:11:03.477529+00:00","2026-05-16T15:11:03.477529+00:00"
"58","2065","40","1","14","17","https://www.tiktok.com/@bk_owner/video/7614535037106523414","2026-03-07","","","","bk_owner","","","","","","","https://www.tiktok.com/@bk_owner/video/7614535037106523414","https://p16-common-sign.tiktokcdn-eu.com/tos-no1a-p-0037-no/osuYfSOEAdj8AQfIkFFTAgFDAYICAL97fIWIQ5~tplv-tiktokx-cropcenter-q:300:400:q70.jpeg?dr=9232&refresh_token=17946239&x-expires=1779030000&x-signature=9Mx4bGq8ynIaE6me5fy4pHR9nHg%3D&t=bacd0480&ps=933b5bde&shp=d05b14bd&shcp=132edbea&idc=useast2b&s=PUBLISH&sc=cover&biz_tag=tt_video","","discovered","2026-05-16T15:11:03.477529+00:00","2026-05-16T15:11:03.477529+00:00"
"59","2050","52","1","56","31","https://www.tiktok.com/@bk_owner/video/7617140631172861206","2026-03-14","","","","bk_owner","","","","","","","https://www.tiktok.com/@bk_owner/video/7617140631172861206","https://p16-common-sign.tiktokcdn-eu.com/tos-no1a-p-0037-no/owBABhAmAuiGEOMAWEQpx5iqI91PbaC3AABYF~tplv-tiktokx-cropcenter-q:300:400:q70.jpeg?dr=9232&refresh_token=4855c7f6&x-expires=1779030000&x-signature=LnlfI9H9%2FG8Ak01zNiVv0OfzwIk%3D&t=bacd0480&ps=933b5bde&shp=d05b14bd&shcp=132edbea&idc=useast2b&biz_tag=tt_video&s=PUBLISH&sc=cover","","discovered","2026-05-16T15:11:03.477529+00:00","2026-05-16T15:11:03.477529+00:00"
"60","2048","37","0","16","25","https://www.tiktok.com/@bk_owner/video/7607163799434579222","2026-02-15","","","","bk_owner","","","","","","","https://www.tiktok.com/@bk_owner/video/7607163799434579222","https://p16-common-sign.tiktokcdn-eu.com/tos-no1a-p-0037-no/osiECgWiAyZWTkaBEpvYKoP39AIBAIBS27EyA~tplv-tiktokx-cropcenter-q:300:400:q70.jpeg?dr=9232&refresh_token=5da9e576&x-expires=1779030000&x-signature=W0vNM2Qwne78DC1Mk0H9plobvNc%3D&t=bacd0480&ps=933b5bde&shp=d05b14bd&shcp=132edbea&idc=useast2b&biz_tag=tt_video&s=PUBLISH&sc=cover","","discovered","2026-05-16T15:11:03.477529+00:00","2026-05-16T15:11:03.477529+00:00"
"61","2039","31","1","5","11","https://www.tiktok.com/@bk_owner/video/7603452107462659350","2026-02-05","","","","bk_owner","","","","","","","https://www.tiktok.com/@bk_owner/video/7603452107462659350","https://p16-common-sign.tiktokcdn-eu.com/tos-no1a-p-0037-no/ooAIgE4ARNCEpA4fEAfhCO27iP0DECFikwKFU5~tplv-tiktokx-dmt-logoccm:300:400:tos-no1a-i-0068-no/ogGsAIRAbI4CFLKIgIJeCes2QrAxFjAfETEcAL.jpeg?dr=9231&refresh_token=ad519e7c&x-expires=1779030000&x-signature=A00mU3N9O4NvmblmtmupE9e2jkQ%3D&t=bacd0480&ps=933b5bde&shp=d05b14bd&shcp=132edbea&idc=useast2b&biz_tag=tt_video&s=PUBLISH&sc=cover","","discovered","2026-05-16T15:11:03.477529+00:00","2026-05-16T15:11:03.477529+00:00"
"62","2004","41","1","16","17","https://www.tiktok.com/@bk_owner/video/7610841390846643478","2026-02-25","","","","bk_owner","","","","","","","https://www.tiktok.com/@bk_owner/video/7610841390846643478","https://p16-common-sign.tiktokcdn-eu.com/tos-no1a-p-0037-no/o49QIiFUANkVqomfFADAQPn1R6pgICEEAyErfq~tplv-tiktokx-cropcenter-q:300:400:q70.jpeg?dr=9232&refresh_token=acdbf784&x-expires=1779030000&x-signature=lT4dYqvwAPB0hMARHx%2BjFlFFs6A%3D&t=bacd0480&ps=933b5bde&shp=d05b14bd&shcp=132edbea&idc=useast2b&biz_tag=tt_video&s=PUBLISH&sc=cover","","discovered","2026-05-16T15:11:03.477529+00:00","2026-05-16T15:11:03.477529+00:00"
"63","1978","27","0","2","7","https://www.tiktok.com/@bk_owner/video/7602296218802228502","2026-02-02","","","","bk_owner","","","","","","","https://www.tiktok.com/@bk_owner/video/7602296218802228502","https://p16-common-sign.tiktokcdn-eu.com/tos-no1a-p-0037-no/okEFgEDUFAnigkB0ARfUACyEI5zIQkAfgpMlqE~tplv-tiktokx-cropcenter-q:300:400:q70.jpeg?dr=9232&refresh_token=b7411cc8&x-expires=1779030000&x-signature=7zAJPM%2BUuSv9aZqWZ2mylKId4D4%3D&t=bacd0480&ps=933b5bde&shp=d05b14bd&shcp=132edbea&idc=useast2b&biz_tag=tt_video&s=PUBLISH&sc=cover","","discovered","2026-05-16T15:11:03.477529+00:00","2026-05-16T15:11:03.477529+00:00"
"64","1935","20","0","11","13","https://www.tiktok.com/@bk_owner/video/7608576602246614294","2026-02-19","","","","bk_owner","","","","","","","https://www.tiktok.com/@bk_owner/video/7608576602246614294","https://p16-common-sign.tiktokcdn-eu.com/tos-no1a-p-0037-no/oUA2aPCAIiZBBYCGxcBBAXypBAHEXZYwuFEGi~tplv-tiktokx-cropcenter-q:300:400:q70.jpeg?dr=9232&refresh_token=ff5a2f8d&x-expires=1779030000&x-signature=lDon5LA4a6L%2FH0BL0w2IHcUgjAc%3D&t=bacd0480&ps=933b5bde&shp=d05b14bd&shcp=132edbea&idc=useast2b&biz_tag=tt_video&s=PUBLISH&sc=cover","","discovered","2026-05-16T15:11:03.477529+00:00","2026-05-16T15:11:03.477529+00:00"
"65","1926","44","0","0","8","https://www.tiktok.com/@bk_owner/video/7606791126887959830","2026-02-14","","","","bk_owner","","","","","","","https://www.tiktok.com/@bk_owner/video/7606791126887959830","https://p19-common-sign.tiktokcdn-eu.com/tos-no1a-p-0037-no/okDsEDiNAxSZRH4QCABAIAy8Id0wwBCCAGiHfr~tplv-tiktokx-cropcenter-q:300:400:q70.jpeg?dr=9232&refresh_token=c54da351&x-expires=1779030000&x-signature=9KWmxQvrF9%2BrdbYPkjbD0gODC04%3D&t=bacd0480&ps=933b5bde&shp=d05b14bd&shcp=132edbea&idc=useast2b&s=PUBLISH&sc=cover&biz_tag=tt_video","","discovered","2026-05-16T15:11:03.477529+00:00","2026-05-16T15:11:03.477529+00:00"
"66","1920","26","0","10","11","https://www.tiktok.com/@bk_owner/video/7616067732257262870","2026-03-11","","","","bk_owner","","","","","","","https://www.tiktok.com/@bk_owner/video/7616067732257262870","https://p16-common-sign.tiktokcdn-eu.com/tos-no1a-p-0037-no/oAfpeoRFELDsnjnE0aFUWIAiFaAqQgCwbIAkxA~tplv-tiktokx-cropcenter-q:300:400:q70.jpeg?dr=9232&refresh_token=bcb1d46f&x-expires=1779030000&x-signature=TKdKBgKErks%2BZSDJeadRFWmyLeA%3D&t=bacd0480&ps=933b5bde&shp=d05b14bd&shcp=132edbea&idc=useast2b&s=PUBLISH&sc=cover&biz_tag=tt_video","","discovered","2026-05-16T15:11:03.477529+00:00","2026-05-16T15:11:03.477529+00:00"
"67","1894","37","0","2","7","https://www.tiktok.com/@bk_owner/video/7608944825148280087","2026-02-20","","","","bk_owner","","","","","","","https://www.tiktok.com/@bk_owner/video/7608944825148280087","https://p16-common-sign.tiktokcdn-eu.com/tos-no1a-p-0037-no/ooA8MWzeAYRjSMQegImLD3AsJ8QIMTfIAAFhQM~tplv-tiktokx-dmt-logoccm:300:400:tos-no1a-i-0068-no/okAfDiM8AmwIGB4AIrZCw4AxC4iCz0RSwABYEm.jpeg?dr=9231&refresh_token=817d7047&x-expires=1779030000&x-signature=LTSedxka6GfQf7EsPHUineWMN5o%3D&t=bacd0480&ps=933b5bde&shp=d05b14bd&shcp=132edbea&idc=useast2b&biz_tag=tt_video&s=PUBLISH&sc=cover","","discovered","2026-05-16T15:11:03.477529+00:00","2026-05-16T15:11:03.477529+00:00"
"68","1859","37","1","8","9","https://www.tiktok.com/@bk_owner/video/7617468862627499286","2026-03-15","","","","bk_owner","","","","","","","https://www.tiktok.com/@bk_owner/video/7617468862627499286","https://p16-common-sign.tiktokcdn-eu.com/tos-no1a-p-0037-no/osE2IAFARrRtAdBp3iCbfPJ0YewE7iAgkcq3C5~tplv-tiktokx-cropcenter-q:300:400:q70.jpeg?dr=9232&refresh_token=e8c55634&x-expires=1779030000&x-signature=yLcMpYqWWn6%2BwfSliJGurDkGOA8%3D&t=bacd0480&ps=933b5bde&shp=d05b14bd&shcp=132edbea&idc=useast2b&biz_tag=tt_video&s=PUBLISH&sc=cover","","discovered","2026-05-16T15:11:03.477529+00:00","2026-05-16T15:11:03.477529+00:00"
"69","1854","25","0","21","12","https://www.tiktok.com/@bk_owner/video/7634564807974309142","2026-04-30","","","","bk_owner","","","","","","","https://www.tiktok.com/@bk_owner/video/7634564807974309142","https://p19-common-sign.tiktokcdn-eu.com/tos-no1a-p-0037-no/o4zAIKIbH7GAGTAeD7AxLemWetQAHnQR2wIfLk~tplv-tiktokx-cropcenter-q:300:400:q70.jpeg?dr=9232&refresh_token=7ccb8df1&x-expires=1779030000&x-signature=ix81PDYrYzxsEYAFEkmUcd0AjkQ%3D&t=bacd0480&ps=933b5bde&shp=d05b14bd&shcp=132edbea&idc=useast2b&biz_tag=tt_video&s=PUBLISH&sc=cover","","discovered","2026-05-16T15:11:03.477529+00:00","2026-05-16T15:11:03.477529+00:00"
"70","1847","47","0","9","14","https://www.tiktok.com/@bk_owner/video/7630107351596403970","2026-04-18","","","","bk_owner","","","","","","","https://www.tiktok.com/@bk_owner/video/7630107351596403970","https://p16-common-sign.tiktokcdn-eu.com/tos-no1a-p-0037-no/osxFF1fDkE8PRIpEflcaD4d5jCiAxEYAFAAsIg~tplv-tiktokx-cropcenter-q:300:400:q70.jpeg?dr=9232&refresh_token=29504c83&x-expires=1779030000&x-signature=j0rj%2ButrFEHwGL3Kl8pvcvznFkE%3D&t=bacd0480&ps=933b5bde&shp=d05b14bd&shcp=132edbea&idc=useast2b&biz_tag=tt_video&s=PUBLISH&sc=cover","","discovered","2026-05-16T15:11:03.477529+00:00","2026-05-16T15:11:03.477529+00:00"
"71","1802","30","1","18","28","https://www.tiktok.com/@bk_owner/video/7606096881919331606","2026-02-12","","","","bk_owner","","","","","","","https://www.tiktok.com/@bk_owner/video/7606096881919331606","https://p16-common-sign.tiktokcdn-eu.com/tos-no1a-p-0037-no/ocEaOYSAiPRi5ABIA3xgBEBCIYn5A0U8UNPAp~tplv-tiktokx-cropcenter-q:300:400:q70.jpeg?dr=9232&refresh_token=f5858b4f&x-expires=1779030000&x-signature=JAYrqK%2Fl3OMvQXdfWeES9c7DGJE%3D&t=bacd0480&ps=933b5bde&shp=d05b14bd&shcp=132edbea&idc=useast2b&biz_tag=tt_video&s=PUBLISH&sc=cover","","discovered","2026-05-16T15:11:03.477529+00:00","2026-05-16T15:11:03.477529+00:00"
"72","1754","25","0","22","25","https://www.tiktok.com/@bk_owner/video/7616044926752673046","2026-03-11","","","","bk_owner","","","","","","","https://www.tiktok.com/@bk_owner/video/7616044926752673046","https://p16-common-sign.tiktokcdn-eu.com/tos-no1a-p-0037-no/oYCCAGBMiA3x2oxFAIw6ABjCx8cEISAfw0Nlci~tplv-tiktokx-cropcenter-q:300:400:q70.jpeg?dr=9232&refresh_token=f09cbe20&x-expires=1779030000&x-signature=z4w3LJd1XVNVW3XT58OxhyF3ETo%3D&t=bacd0480&ps=933b5bde&shp=d05b14bd&shcp=132edbea&idc=useast2b&biz_tag=tt_video&s=PUBLISH&sc=cover","","discovered","2026-05-16T15:11:03.477529+00:00","2026-05-16T15:11:03.477529+00:00"
"73","1731","25","0","3","8","https://www.tiktok.com/@bk_owner/video/7629724483456191747","2026-04-17","","","","bk_owner","","","","","","","https://www.tiktok.com/@bk_owner/video/7629724483456191747","https://p16-common-sign.tiktokcdn-eu.com/tos-no1a-p-0037-no/oIA1AvhMBCD0iAWC0iiOIHEdeBSId0jwyIIT5A~tplv-tiktokx-cropcenter-q:300:400:q70.jpeg?dr=9232&refresh_token=7a1f5094&x-expires=1779030000&x-signature=VNT6zLuKqYEFV1w63AJWcSPifgM%3D&t=bacd0480&ps=933b5bde&shp=d05b14bd&shcp=132edbea&idc=useast2b&biz_tag=tt_video&s=PUBLISH&sc=cover","","discovered","2026-05-16T15:11:03.477529+00:00","2026-05-16T15:11:03.477529+00:00"
"74","1723","31","0","19","14","https://www.tiktok.com/@bk_owner/video/7606037701334224150","2026-02-12","","","","bk_owner","","","","","","","https://www.tiktok.com/@bk_owner/video/7606037701334224150","https://p16-common-sign.tiktokcdn-eu.com/tos-no1a-p-0037-no/o8EhpFIfLADYgIA8EzCECIZOEkFvRjiEKALZfA~tplv-tiktokx-cropcenter-q:300:400:q70.jpeg?dr=9232&refresh_token=7585b6d1&x-expires=1779030000&x-signature=zokbJsOXbd0%2FSYvkn4cs9ZoaXPw%3D&t=bacd0480&ps=933b5bde&shp=d05b14bd&shcp=132edbea&idc=useast2b&biz_tag=tt_video&s=PUBLISH&sc=cover","","discovered","2026-05-16T15:11:03.477529+00:00","2026-05-16T15:11:03.477529+00:00"
"75","1706","29","0","11","26","https://www.tiktok.com/@bk_owner/video/7632370249442004246","2026-04-24","","","","bk_owner","","","","","","","https://www.tiktok.com/@bk_owner/video/7632370249442004246","https://p19-common-sign.tiktokcdn-eu.com/tos-no1a-p-0037-no/oQfe0AIDTFvuOpbFEAAXHAETILpsf2sAPjI4DL~tplv-tiktokx-cropcenter-q:300:400:q70.jpeg?dr=9232&refresh_token=dd8f32bf&x-expires=1779030000&x-signature=7c4FccDPOVdy%2FMLgJ8ZPoZ6Fc2U%3D&t=bacd0480&ps=933b5bde&shp=d05b14bd&shcp=132edbea&idc=useast2b&biz_tag=tt_video&s=PUBLISH&sc=cover","","discovered","2026-05-16T15:11:03.477529+00:00","2026-05-16T15:11:03.477529+00:00"
"76","1672","19","0","4","10","https://www.tiktok.com/@bk_owner/video/7634280125705522434","2026-04-29","","","","bk_owner","","","","","","","https://www.tiktok.com/@bk_owner/video/7634280125705522434","https://p16-common-sign.tiktokcdn-eu.com/tos-no1a-p-0037-no/okksjAeERQRApk2flHIA4bDpA6yFEFOmCgrl08~tplv-tiktokx-cropcenter-q:300:400:q70.jpeg?dr=9232&refresh_token=3ef530db&x-expires=1779030000&x-signature=F2f9jNXj8hpEqNWDbiGRSEaEynU%3D&t=bacd0480&ps=933b5bde&shp=d05b14bd&shcp=132edbea&idc=useast2b&biz_tag=tt_video&s=PUBLISH&sc=cover","","discovered","2026-05-16T15:11:03.477529+00:00","2026-05-16T15:11:03.477529+00:00"
"77","1661","23","0","7","13","https://www.tiktok.com/@bk_owner/video/7604887342440090902","2026-02-09","","","","bk_owner","","","","","","","https://www.tiktok.com/@bk_owner/video/7604887342440090902","https://p16-common-sign.tiktokcdn-eu.com/tos-no1a-p-0037-no/ooIJQQ5gGKflfKehAIeXAnAAnLOCAmWRYMwGKn~tplv-tiktokx-cropcenter-q:300:400:q70.jpeg?dr=9232&refresh_token=3d0b3008&x-expires=1779030000&x-signature=5fZwqX2gojVrnsbGAMff7qd2RoA%3D&t=bacd0480&ps=933b5bde&shp=d05b14bd&shcp=132edbea&idc=useast2b&biz_tag=tt_video&s=PUBLISH&sc=cover","","discovered","2026-05-16T15:11:03.477529+00:00","2026-05-16T15:11:03.477529+00:00"
"78","1656","33","0","8","15","https://www.tiktok.com/@bk_owner/video/7614175834307398934","2026-03-06","","","","bk_owner","","","","","","","https://www.tiktok.com/@bk_owner/video/7614175834307398934","https://p16-common-sign.tiktokcdn-eu.com/tos-no1a-p-0037-no/oQGKgLWfAlPeK4qqAmylAUQrBAQRgAOXGfegIA~tplv-tiktokx-cropcenter-q:300:400:q70.jpeg?dr=9232&refresh_token=c7a84a2c&x-expires=1779030000&x-signature=eEGMdc9k56YSM7RNy7kJ7sW%2BVcw%3D&t=bacd0480&ps=933b5bde&shp=d05b14bd&shcp=132edbea&idc=useast2b&biz_tag=tt_video&s=PUBLISH&sc=cover","","discovered","2026-05-16T15:11:03.477529+00:00","2026-05-16T15:11:03.477529+00:00"
"79","1656","24","1","3","9","https://www.tiktok.com/@bk_owner/video/7609281079521905942","2026-02-21","","","","bk_owner","","","","","","","https://www.tiktok.com/@bk_owner/video/7609281079521905942","https://p16-common-sign.tiktokcdn-eu.com/tos-no1a-p-0037-no/osCzGTYqILQzALeEaAIIAALMjDAMFEGeIQYejE~tplv-tiktokx-cropcenter-q:300:400:q70.jpeg?dr=9232&refresh_token=c337b4ad&x-expires=1779030000&x-signature=cwddpZeRSexUIoRvpADbbhXNy60%3D&t=bacd0480&ps=933b5bde&shp=d05b14bd&shcp=132edbea&idc=useast2b&biz_tag=tt_video&s=PUBLISH&sc=cover","","discovered","2026-05-16T15:11:03.477529+00:00","2026-05-16T15:11:03.477529+00:00"
"80","1643","36","0","25","13","https://www.tiktok.com/@bk_owner/video/7605315552747212054","2026-02-10","","","","bk_owner","","","","","","","https://www.tiktok.com/@bk_owner/video/7605315552747212054","https://p16-common-sign.tiktokcdn-eu.com/tos-no1a-p-0037-no/o8FeAB4FWLEAsIwAITIGIGeiQAcRAReRLIXn9j~tplv-tiktokx-cropcenter-q:300:400:q70.jpeg?dr=9232&refresh_token=9d49c155&x-expires=1779030000&x-signature=sIOfBRQ3n9GnLFJEx6tkvu03%2FgI%3D&t=bacd0480&ps=933b5bde&shp=d05b14bd&shcp=132edbea&idc=useast2b&biz_tag=tt_video&s=PUBLISH&sc=cover","","discovered","2026-05-16T15:11:03.477529+00:00","2026-05-16T15:11:03.477529+00:00"
"81","1640","21","1","3","9","https://www.tiktok.com/@bk_owner/video/7610801287394905347","2026-02-25","","","","bk_owner","","","","","","","https://www.tiktok.com/@bk_owner/video/7610801287394905347","https://p16-common-sign.tiktokcdn-eu.com/tos-no1a-p-0037-no/okEnkILQDin9vCfvgEf0AvAATFNKApFEomyRR9~tplv-tiktokx-cropcenter-q:300:400:q70.jpeg?dr=9232&refresh_token=70bdd8b7&x-expires=1779030000&x-signature=6ZgGCfrL5H0Y4cn4XM5Apf%2FFxGo%3D&t=bacd0480&ps=933b5bde&shp=d05b14bd&shcp=132edbea&idc=useast2b&biz_tag=tt_video&s=PUBLISH&sc=cover","","discovered","2026-05-16T15:11:03.477529+00:00","2026-05-16T15:11:03.477529+00:00"
"82","1595","17","0","6","12","https://www.tiktok.com/@bk_owner/video/7614137317267082518","2026-03-06","","","","bk_owner","","","","","","","https://www.tiktok.com/@bk_owner/video/7614137317267082518","https://p16-common-sign.tiktokcdn-eu.com/tos-no1a-p-0037-no/ogB8IAB21CWfyA52qR6oSVyiAN4iEC0ZCIwAWp~tplv-tiktokx-cropcenter-q:300:400:q70.jpeg?dr=9232&refresh_token=d5ae9016&x-expires=1779030000&x-signature=BsD%2BRU%2FipBZXhlcIYUjq%2BUEa%2FSs%3D&t=bacd0480&ps=933b5bde&shp=d05b14bd&shcp=132edbea&idc=useast2b&biz_tag=tt_video&s=PUBLISH&sc=cover","","discovered","2026-05-16T15:11:03.477529+00:00","2026-05-16T15:11:03.477529+00:00"
"83","1589","25","4","7","15","https://www.tiktok.com/@bk_owner/video/7624492930664860950","2026-04-03","","","","bk_owner","","","","","","","https://www.tiktok.com/@bk_owner/video/7624492930664860950","https://p16-common-sign.tiktokcdn-eu.com/tos-no1a-p-0037-no/oEfpXeRDEkDzyPnEioFOoEA6FdAlIgC86cAk9A~tplv-tiktokx-cropcenter-q:300:400:q70.jpeg?dr=9232&refresh_token=ab90a79c&x-expires=1779030000&x-signature=bDFHBzCfh1wSkETDAwTxmVudt6I%3D&t=bacd0480&ps=933b5bde&shp=d05b14bd&shcp=132edbea&idc=useast2b&biz_tag=tt_video&s=PUBLISH&sc=cover","","discovered","2026-05-16T15:11:03.477529+00:00","2026-05-16T15:11:03.477529+00:00"
"84","1579","32","0","7","9","https://www.tiktok.com/@bk_owner/video/7604421524925222166","2026-02-08","","","","bk_owner","","","","","","","https://www.tiktok.com/@bk_owner/video/7604421524925222166","https://p16-common-sign.tiktokcdn-eu.com/tos-no1a-p-0037-no/oUAQAf2uBCC0iAHCKIiVCpERxBSIbsMwwUIIqA~tplv-tiktokx-cropcenter-q:300:400:q70.jpeg?dr=9232&refresh_token=6b453161&x-expires=1779030000&x-signature=33VxI3%2B%2BsdYiI6IxIywCkQ1wKmo%3D&t=bacd0480&ps=933b5bde&shp=d05b14bd&shcp=132edbea&idc=useast2b&biz_tag=tt_video&s=PUBLISH&sc=cover","","discovered","2026-05-16T15:11:03.477529+00:00","2026-05-16T15:11:03.477529+00:00"
"85","1573","24","0","0","4","https://www.tiktok.com/@bk_owner/video/7627866070308670742","2026-04-12","","","","bk_owner","","","","","","","https://www.tiktok.com/@bk_owner/video/7627866070308670742","https://p19-common-sign.tiktokcdn-eu.com/tos-no1a-p-0037-no/o8AFA5Qb8IpIfCQA0DB5UEPzk2nRifigAA5Ebu~tplv-tiktokx-cropcenter-q:300:400:q70.jpeg?dr=9232&refresh_token=33b006d4&x-expires=1779030000&x-signature=mME1I7XUzVAZoVDYo4wfSvrs%2F1g%3D&t=bacd0480&ps=933b5bde&shp=d05b14bd&shcp=132edbea&idc=useast2b&s=PUBLISH&sc=cover&biz_tag=tt_video","","discovered","2026-05-16T15:11:03.477529+00:00","2026-05-16T15:11:03.477529+00:00"
"86","1538","17","0","5","13","https://www.tiktok.com/@bk_owner/video/7607538465164528918","2026-02-16","","","","bk_owner","","","","","","","https://www.tiktok.com/@bk_owner/video/7607538465164528918","https://p16-common-sign.tiktokcdn-eu.com/tos-no1a-p-0037-no/oQIhJ2PjqIM1IzRLETsAbfD6FjfAAFeAEQFmAi~tplv-tiktokx-cropcenter-q:300:400:q70.jpeg?dr=9232&refresh_token=f6f53661&x-expires=1779030000&x-signature=jkc8iSE7k8MiUdddfV9gXZj2SvY%3D&t=bacd0480&ps=933b5bde&shp=d05b14bd&shcp=132edbea&idc=useast2b&biz_tag=tt_video&s=PUBLISH&sc=cover","","discovered","2026-05-16T15:11:03.477529+00:00","2026-05-16T15:11:03.477529+00:00"
"87","1533","34","2","20","23","https://www.tiktok.com/@bk_owner/video/7628183782838848790","2026-04-13","","","","bk_owner","","","","","","","https://www.tiktok.com/@bk_owner/video/7628183782838848790","https://p16-common-sign.tiktokcdn-eu.com/tos-no1a-p-0037-no/owAFRCpaAgRCESnEFMAGpIQD5gAk3AtCaWfeS6~tplv-tiktokx-cropcenter-q:300:400:q70.jpeg?dr=9232&refresh_token=4c48d822&x-expires=1779030000&x-signature=mWzcsWJFAu8lv5YV7PAVC2Ts5m4%3D&t=bacd0480&ps=933b5bde&shp=d05b14bd&shcp=132edbea&idc=useast2b&biz_tag=tt_video&s=PUBLISH&sc=cover","","discovered","2026-05-16T15:11:03.477529+00:00","2026-05-16T15:11:03.477529+00:00"
"88","1530","24","0","6","4","https://www.tiktok.com/@bk_owner/video/7607109173414956310","2026-02-15","","","","bk_owner","","","","","","","https://www.tiktok.com/@bk_owner/video/7607109173414956310","https://p16-common-sign.tiktokcdn-eu.com/tos-no1a-p-0037-no/o4FIDf37IEeIQvwQIATAFFNjIojeAAm8ELZAHZ~tplv-tiktokx-cropcenter-q:300:400:q70.jpeg?dr=9232&refresh_token=3efd9093&x-expires=1779030000&x-signature=gO%2BZei08JOCE5%2BA8FVyop3buOSU%3D&t=bacd0480&ps=933b5bde&shp=d05b14bd&shcp=132edbea&idc=useast2b&s=PUBLISH&sc=cover&biz_tag=tt_video","","discovered","2026-05-16T15:11:03.477529+00:00","2026-05-16T15:11:03.477529+00:00"
"89","1525","22","2","0","4","https://www.tiktok.com/@bk_owner/video/7622808486363057430","2026-03-29","","","","bk_owner","","","","","","","https://www.tiktok.com/@bk_owner/video/7622808486363057430","https://p16-common-sign.tiktokcdn-eu.com/tos-no1a-p-0037-no/oUEIJFTe0FAKL3DdIfTxAIAAEMpvFk03zDeAj7~tplv-tiktokx-cropcenter-q:300:400:q70.jpeg?dr=9232&refresh_token=83be2df7&x-expires=1779030000&x-signature=Zx%2FZGUW3RkVmo5Orv15tmfHxdc4%3D&t=bacd0480&ps=933b5bde&shp=d05b14bd&shcp=132edbea&idc=useast2b&biz_tag=tt_video&s=PUBLISH&sc=cover","","discovered","2026-05-16T15:11:03.477529+00:00","2026-05-16T15:11:03.477529+00:00"
"90","1509","31","1","7","8","https://www.tiktok.com/@bk_owner/video/7631950217390165270","2026-04-23","","","","bk_owner","","","","","","","https://www.tiktok.com/@bk_owner/video/7631950217390165270","https://p16-common-sign.tiktokcdn-eu.com/tos-no1a-p-0037-no/oIC4AIq6BFDArEiAEpEDqjfBIALFgIlfFkqy8R~tplv-tiktokx-cropcenter-q:300:400:q70.jpeg?dr=9232&refresh_token=9caa3056&x-expires=1779030000&x-signature=mox8R6T5zVtHExqh70PCR9fUJcM%3D&t=bacd0480&ps=933b5bde&shp=d05b14bd&shcp=132edbea&idc=useast2b&biz_tag=tt_video&s=PUBLISH&sc=cover","","discovered","2026-05-16T15:11:03.477529+00:00","2026-05-16T15:11:03.477529+00:00"
"91","1456","20","0","16","5","https://www.tiktok.com/@bk_owner/video/7632333753616026902","2026-04-24","","","","bk_owner","","","","","","","https://www.tiktok.com/@bk_owner/video/7632333753616026902","https://p16-common-sign.tiktokcdn-eu.com/tos-no1a-p-0037-no/ocL4xAFT1AxsLd3AIBHvHjfFItWeQzzAIe0AIG~tplv-tiktokx-cropcenter-q:300:400:q70.jpeg?dr=9232&refresh_token=63749108&x-expires=1779030000&x-signature=sAsd2u5BJeONzLeXIkKiux4nTWQ%3D&t=bacd0480&ps=933b5bde&shp=d05b14bd&shcp=132edbea&idc=useast2b&s=PUBLISH&sc=cover&biz_tag=tt_video","","discovered","2026-05-16T15:11:03.477529+00:00","2026-05-16T15:11:03.477529+00:00"
"92","1451","21","0","1","5","https://www.tiktok.com/@bk_owner/video/7631494150575131926","2026-04-22","","","","bk_owner","","","","","","","https://www.tiktok.com/@bk_owner/video/7631494150575131926","https://p16-common-sign.tiktokcdn-eu.com/tos-no1a-p-0037-no/oEiD0A70eA9gCqSAiyriDIgBSoovI64ACgvwEB~tplv-tiktokx-cropcenter-q:300:400:q70.jpeg?dr=9232&refresh_token=9e2c9821&x-expires=1779030000&x-signature=ji1JCWf4SRRK2rYCz%2FpX7mg8GhQ%3D&t=bacd0480&ps=933b5bde&shp=d05b14bd&shcp=132edbea&idc=useast2b&s=PUBLISH&sc=cover&biz_tag=tt_video","","discovered","2026-05-16T15:11:03.477529+00:00","2026-05-16T15:11:03.477529+00:00"
"93","1366","13","0","2","3","https://www.tiktok.com/@bk_owner/video/7604473867502882070","2026-02-08","","","","bk_owner","","","","","","","https://www.tiktok.com/@bk_owner/video/7604473867502882070","https://p16-common-sign.tiktokcdn-eu.com/tos-no1a-p-0037-no/o8vI2EaTYqB6EYpAEiCn99hBriAAYBKiIEoAz~tplv-tiktokx-cropcenter-q:300:400:q70.jpeg?dr=9232&refresh_token=7d4d2aef&x-expires=1779030000&x-signature=KZK%2B8lK5E39S4tFBXAnSzC8V03s%3D&t=bacd0480&ps=933b5bde&shp=d05b14bd&shcp=132edbea&idc=useast2b&biz_tag=tt_video&s=PUBLISH&sc=cover","","discovered","2026-05-16T15:11:03.477529+00:00","2026-05-16T15:11:03.477529+00:00"
"94","1346","18","0","3","7","https://www.tiktok.com/@bk_owner/video/7606728792769334550","2026-02-14","","","","bk_owner","","","","","","","https://www.tiktok.com/@bk_owner/video/7606728792769334550","https://p16-common-sign.tiktokcdn-eu.com/tos-no1a-p-0037-no/oIDPjEgBaIYLAApC1TAHcAniBZjCaBh4iZaEQ~tplv-tiktokx-cropcenter-q:300:400:q70.jpeg?dr=9232&refresh_token=6eda85de&x-expires=1779030000&x-signature=E7YtBhhpkov0NjpgkpndEmrgba8%3D&t=bacd0480&ps=933b5bde&shp=d05b14bd&shcp=132edbea&idc=useast2b&biz_tag=tt_video&s=PUBLISH&sc=cover","","discovered","2026-05-16T15:11:03.477529+00:00","2026-05-16T15:11:03.477529+00:00"
"95","1335","24","1","8","9","https://www.tiktok.com/@bk_owner/video/7628984146336976150","2026-04-15","","","","bk_owner","","","","","","","https://www.tiktok.com/@bk_owner/video/7628984146336976150","https://p16-common-sign.tiktokcdn-eu.com/tos-no1a-p-0037-no/ocfpOjRGE9D32fyEkmFiZIAJFMAsQgC15tAkAA~tplv-tiktokx-cropcenter-q:300:400:q70.jpeg?dr=9232&refresh_token=a535f924&x-expires=1779030000&x-signature=jXG6jx4sOTDKucw5MlBjaN%2Fzxqs%3D&t=bacd0480&ps=933b5bde&shp=d05b14bd&shcp=132edbea&idc=useast2b&biz_tag=tt_video&s=PUBLISH&sc=cover","","discovered","2026-05-16T15:11:03.477529+00:00","2026-05-16T15:11:03.477529+00:00"
"96","1308","17","0","2","4","https://www.tiktok.com/@bk_owner/video/7606692947672878358","2026-02-14","","","","bk_owner","","","","","","","https://www.tiktok.com/@bk_owner/video/7606692947672878358","https://p16-common-sign.tiktokcdn-eu.com/tos-no1a-p-0037-no/ocBKwCRpZETviJIEmABwZaYiZABABAuP7QB0y~tplv-tiktokx-cropcenter-q:300:400:q70.jpeg?dr=9232&refresh_token=9cd2cbd7&x-expires=1779030000&x-signature=eoprv3S4qzv8FQT1tk6XgJgsVrI%3D&t=bacd0480&ps=933b5bde&shp=d05b14bd&shcp=132edbea&idc=useast2b&biz_tag=tt_video&s=PUBLISH&sc=cover","","discovered","2026-05-16T15:11:03.477529+00:00","2026-05-16T15:11:03.477529+00:00"
"97","1278","13","0","1","0","https://www.tiktok.com/@bk_owner/video/7626355333077683478","2026-04-08","","","","bk_owner","","","","","","","https://www.tiktok.com/@bk_owner/video/7626355333077683478","https://p16-common-sign.tiktokcdn-eu.com/tos-no1a-p-0037-no/o8YWRpAR1D8EEQUgFAIAo4GfBMFgsFEDAfkCak~tplv-tiktokx-cropcenter-q:300:400:q70.jpeg?dr=9232&refresh_token=604d355f&x-expires=1779030000&x-signature=sS%2B%2FB8C1mIxaIVX33YEA0VHC0ac%3D&t=bacd0480&ps=933b5bde&shp=d05b14bd&shcp=132edbea&idc=useast2b&s=PUBLISH&sc=cover&biz_tag=tt_video","","discovered","2026-05-16T15:11:03.477529+00:00","2026-05-16T15:11:03.477529+00:00"
"98","1252","17","1","20","14","https://www.tiktok.com/@bk_owner/video/7629648595058216214","2026-04-17","","","","bk_owner","","","","","","","https://www.tiktok.com/@bk_owner/video/7629648595058216214","https://p16-common-sign.tiktokcdn-eu.com/tos-no1a-p-0037-no/okDEx9KNEDeIIowFthrDfLjjTaAFAAfAAoOTIj~tplv-tiktokx-cropcenter-q:300:400:q70.jpeg?dr=9232&refresh_token=c3b7076b&x-expires=1779030000&x-signature=FF4cHZ3ndMu2a6B5aYnt9Q9ynkg%3D&t=bacd0480&ps=933b5bde&shp=d05b14bd&shcp=132edbea&idc=useast2b&biz_tag=tt_video&s=PUBLISH&sc=cover","","discovered","2026-05-16T15:11:03.477529+00:00","2026-05-16T15:11:03.477529+00:00"
"99","1044","15","0","9","14","https://www.tiktok.com/@bk_owner/video/7635608498985848086","2026-05-03","","","","bk_owner","","","","","","","https://www.tiktok.com/@bk_owner/video/7635608498985848086","https://p16-common-sign.tiktokcdn-eu.com/tos-no1a-p-0037-no/oI8yhJBaEiAhI0Bf4AiSAICACwcDPIz30lWDwL~tplv-tiktokx-cropcenter-q:300:400:q70.jpeg?dr=9232&refresh_token=05cebecc&x-expires=1779030000&x-signature=rIauuN%2BsOWzk5qE90En%2B1UsGmdk%3D&t=bacd0480&ps=933b5bde&shp=d05b14bd&shcp=132edbea&idc=useast2b&biz_tag=tt_video&s=PUBLISH&sc=cover","","discovered","2026-05-16T15:11:03.477529+00:00","2026-05-16T15:11:03.477529+00:00"
"100","987","22","0","4","7","https://www.tiktok.com/@bk_owner/video/7634140100770811158","2026-04-29","","","","bk_owner","","","","","","","https://www.tiktok.com/@bk_owner/video/7634140100770811158","https://p16-common-sign.tiktokcdn-eu.com/tos-no1a-p-0037-no/oselIFD2jILsMQArljEIwnFA0AlAejAQ4TfS2H~tplv-tiktokx-cropcenter-q:300:400:q70.jpeg?dr=9232&refresh_token=c912ead7&x-expires=1779030000&x-signature=9qYZD2p1T2kGOyjWgeB1qTawlNA%3D&t=bacd0480&ps=933b5bde&shp=d05b14bd&shcp=132edbea&idc=useast2b&biz_tag=tt_video&s=PUBLISH&sc=cover","","discovered","2026-05-16T15:11:03.477529+00:00","2026-05-16T15:11:03.477529+00:00"
